user_id,name
1,Rebecca Lloyd
2,Brian Campbell
3,Sandra Watts
4,Christopher Simpson
5,Rodney Martin
6,James Wallace
7,Jesse Gilbert
8,Robert Daniel
9,James Meyers
10,Marcus West II
11,Tracey Harris
12,Michelle Mcdonald
13,Michael Thomas
14,Danielle Decker
15,Daniel Hernandez
16,Richard Jones
17,Angela Ashley
18,Melissa Flynn
19,David Boyd
20,Austin Cohen
21,Ashley Drake
22,Tiffany Harris MD
23,Kenneth Mullins
24,Miss Danielle Kaiser
25,Adam Huerta
26,Michael Daniels
27,Alex Myers
28,Gary Gregory
29,Michelle Fuller
30,Jamie Blake
31,Theresa Perkins
32,Timothy Williams
33,Mark Dean
34,Kurt Ellis
35,Joseph Ellis
36,Erin Preston
37,Elijah Cox
38,Stephen Christian
39,Kathy Johnson
40,Sheri Bryant
41,Danielle Brock
42,Bryan Fitzpatrick
43,William White
44,Christina Woods
45,Matthew Peterson
46,Michael Williams
47,Bruce Adams
48,Sheri Griffin
49,Donald Mcguire
50,Chelsea Ramirez
